PLAYER_ID,OYUNCU,TAKIM,YAS_2025_26,PTS_2025_26,TAHMIN,ALT,UST
1629029,Luka Dončić,LAL,27.0,33.5,33.16,23.91,33.3
1628983,Shai Gilgeous-Alexander,OKC,27.0,31.1,31.8,23.83,32.86
1630162,Anthony Edwards,MIN,24.0,28.8,28.36,23.68,30.07
203999,Nikola Jokić,DEN,31.0,27.7,28.31,23.92,30.44
1630178,Tyrese Maxey,PHI,25.0,28.3,27.86,22.99,29.17
203507,Giannis Antetokounmpo,MIL,31.0,27.6,27.1,23.07,31.86
1628378,Donovan Mitchell,CLE,29.0,27.9,26.31,22.55,29.14
1641705,Victor Wembanyama,SAS,22.0,25.0,26.23,20.4,28.3
1627759,Jaylen Brown,BOS,29.0,28.7,25.81,21.84,28.19
1628973,Jalen Brunson,NYK,29.0,26.0,25.23,22.08,29.55
203954,Joel Embiid,PHI,32.0,26.9,25.0,22.77,28.7
202695,Kawhi Leonard,LAC,35.0,27.9,24.72,21.45,26.82
1630595,Cade Cunningham,DET,24.0,23.9,24.63,20.89,27.77
1626164,Devin Booker,PHX,29.0,26.1,24.43,21.54,29.42
1627750,Jamal Murray,DEN,29.0,25.4,24.1,20.16,27.04
1631094,Paolo Banchero,ORL,23.0,22.2,23.45,18.48,26.1
1628374,Lauri Markkanen,UTA,29.0,26.7,23.38,20.59,27.09
201142,Kevin Durant,HOU,37.0,26.0,23.15,22.19,26.39
201939,Stephen Curry,GSW,38.0,26.6,23.11,21.96,28.4
1642843,Cooper Flagg,DAL,19.0,21.0,23.01,17.16,25.85
1641718,Keyonte George,UTA,22.0,23.6,22.76,18.24,26.81
1630166,Deni Avdija,POR,25.0,24.2,22.54,19.06,25.66
1630552,Jalen Johnson,ATL,24.0,22.5,22.28,18.13,23.65
1630163,LaMelo Ball,CHA,24.0,20.1,21.63,15.95,26.21
1630559,Austin Reaves,LAL,28.0,23.3,21.62,17.21,24.25
1629627,Zion Williamson,NOP,25.0,21.0,21.57,17.77,26.04
1629008,Michael Porter Jr.,BKN,28.0,24.2,21.37,18.19,23.84
1630578,Alperen Sengun,HOU,23.0,20.4,21.04,15.97,23.87
1627783,Pascal Siakam,IND,32.0,24.0,20.91,18.53,24.63
1642851,Kon Knueppel,CHA,20.0,18.5,20.89,15.0,23.69
201935,James Harden,CLE,36.0,23.6,20.77,18.64,24.28
1630530,Trey Murphy III,NOP,26.0,21.5,20.64,15.89,23.53
1630532,Franz Wagner,ORL,24.0,20.6,20.56,16.63,24.56
1641706,Brandon Miller,CHA,23.0,20.2,20.29,14.5,23.51
1627742,Brandon Ingram,TOR,28.0,21.5,20.23,16.28,24.09
1629639,Tyler Herro,MIA,26.0,20.5,20.05,16.3,24.1
1626157,Karl-Anthony Towns,NYK,30.0,20.1,19.84,15.84,23.22
1631105,Jalen Duren,DET,22.0,19.5,19.6,14.45,22.81
1630217,Desmond Bane,ORL,28.0,20.1,19.43,14.42,22.93
203944,Julius Randle,MIN,31.0,21.1,19.37,15.98,23.22
1629628,RJ Barrett,TOR,26.0,19.3,19.18,13.72,21.47
1631101,Shaedon Sharpe,POR,23.0,20.8,19.12,15.33,25.02
1628368,De'Aaron Fox,SAS,28.0,18.6,19.1,15.02,21.9
1630567,Scottie Barnes,TOR,24.0,18.1,19.08,14.91,21.74
1629630,Ja Morant,MEM,26.0,19.5,18.86,15.13,24.86
2544,LeBron James,LAL,41.0,20.9,18.8,17.48,23.66
1628389,Bam Adebayo,MIA,28.0,20.1,18.78,13.82,21.4
1642264,Stephon Castle,SAS,21.0,16.7,18.73,13.91,23.64
1628991,Jaren Jackson Jr.,UTA,26.0,19.4,18.45,13.89,22.34
1629636,Darius Garland,LAC,26.0,18.8,18.29,13.56,21.52
1630596,Evan Mobley,CLE,25.0,18.2,18.27,14.28,21.07
1626181,Norman Powell,MIA,33.0,21.7,18.07,15.55,21.49
203076,Anthony Davis,WAS,33.0,20.4,17.84,15.72,22.18
1641708,Amen Thompson,HOU,23.0,18.3,17.81,14.4,21.36
1631096,Chet Holmgren,OKC,24.0,17.1,17.67,13.17,21.58
1631114,Jalen Williams,OKC,25.0,17.1,17.58,12.39,21.78
1630581,Josh Giddey,CHI,23.0,17.0,17.53,13.22,21.67
1642845,VJ Edgecombe,PHI,20.0,16.0,17.5,13.12,21.39
1629638,Nickeil Alexander-Walker,ATL,27.0,20.8,17.39,14.59,22.13
202710,Jimmy Butler III,GSW,36.0,20.0,17.21,12.24,20.82
1629632,Coby White,CHA,26.0,17.4,17.2,11.97,21.61
203897,Zach LaVine,SAC,31.0,19.2,17.18,14.31,20.79
1628970,Miles Bridges,CHA,28.0,17.1,17.16,12.65,20.34
1630224,Jalen Green,PHX,24.0,17.8,17.1,12.82,23.42
1631097,Bennedict Mathurin,LAC,24.0,17.6,16.97,13.1,22.73
1642259,Alex Sarr,WAS,21.0,16.3,16.93,11.39,22.16
1641824,Matas Buzelis,CHI,21.0,16.3,16.75,12.53,21.54
201942,DeMar DeRozan,SAC,36.0,18.4,16.61,13.93,19.6
1630193,Immanuel Quickley,TOR,27.0,16.4,16.57,12.78,20.19
1642847,Jeremiah Fears,NOP,19.0,14.3,16.34,9.83,19.65
1630180,Saddiq Bey,NOP,27.0,17.7,16.34,13.01,20.43
203468,CJ McCollum,ATL,34.0,18.7,16.25,12.68,18.92
1629645,Kevin Porter Jr.,MIL,26.0,17.4,16.22,12.26,19.88
1631157,Ryan Rollins,MIL,23.0,17.3,16.06,12.4,21.13
1628415,Dillon Brooks,PHX,30.0,20.2,15.88,12.07,21.08
1630202,Payton Pritchard,BOS,28.0,17.0,15.83,11.9,18.93
1631095,Jabari Smith Jr.,HOU,23.0,15.8,15.61,12.58,19.06
1628384,OG Anunoby,NYK,28.0,16.7,15.52,12.33,19.57
1642846,Ace Bailey,UTA,19.0,13.8,15.5,9.72,19.08
203924,Jerami Grant,POR,32.0,18.6,15.44,12.91,18.98
1629614,Andrew Nembhard,IND,26.0,16.9,15.41,12.92,19.91
1630560,Cam Thomas,MIL,24.0,13.5,15.31,9.47,19.95
204001,Kristaps Porziņģis,GSW,30.0,16.7,15.27,10.49,20.08
1629012,Collin Sexton,CHI,27.0,15.4,15.11,11.52,19.26
1628401,Derrick White,BOS,31.0,16.5,14.91,11.6,19.19
1641729,Brice Sensabaugh,UTA,22.0,14.9,14.88,10.31,19.98
1630168,Onyeka Okongwu,ATL,25.0,15.2,14.82,11.3,18.32
1642907,Cedric Coward,MEM,22.0,13.6,14.73,9.6,18.76
1642273,Kyshawn George,WAS,22.0,14.8,14.67,8.21,18.04
1630170,Devin Vassell,SAS,25.0,13.9,14.62,9.59,18.33
1628386,Jarrett Allen,CLE,28.0,15.4,14.5,10.43,17.49
1629014,Anfernee Simons,CHI,27.0,14.3,14.48,9.47,19.25
1641764,Brandin Podziemski,GSW,23.0,13.8,14.48,9.19,18.59
1631170,Jaime Jaquez Jr.,MIA,25.0,15.4,14.44,11.4,18.43
202331,Paul George,PHI,36.0,17.3,14.34,12.02,19.62
1630703,Scoot Henderson,POR,22.0,14.2,14.32,7.41,18.73
1641710,Anthony Black,ORL,22.0,15.0,14.28,10.33,18.64
1628969,Mikal Bridges,NYK,29.0,14.4,14.25,9.45,18.13
203932,Aaron Gordon,DEN,30.0,16.2,14.24,10.19,18.22
1630591,Jalen Suggs,ORL,25.0,13.8,14.05,9.04,17.38
1642844,Dylan Harper,SAS,20.0,11.8,14.05,8.65,18.17
1628960,Grayson Allen,PHX,30.0,16.5,14.0,10.28,18.49
1630245,Ayo Dosunmu,MIN,26.0,14.8,13.97,9.32,18.27
1630183,Jaden McDaniels,MIN,25.0,14.8,13.79,9.71,18.44
1642263,Reed Sheppard,HOU,22.0,13.5,13.67,9.04,17.99
1631212,Peyton Watson,DEN,23.0,14.6,13.62,8.28,17.9
1642848,Tre Johnson,WAS,20.0,12.2,13.59,9.21,18.07
1642852,Derik Queen,NOP,21.0,11.7,13.58,8.7,17.91
1641713,GG Jackson,MEM,21.0,12.5,13.52,8.61,17.4
1629675,Naz Reid,MIN,26.0,13.6,13.5,9.36,17.47
203952,Andrew Wiggins,MIA,31.0,15.4,13.5,10.71,17.61
1630230,Naji Marshall,DAL,28.0,15.2,13.44,9.64,17.7
1629640,Keldon Johnson,SAS,26.0,13.2,13.35,9.47,16.99
202696,Nikola Vučević,BOS,35.0,15.1,13.35,10.28,17.08
1642875,Maxime Raynaud,SAC,23.0,12.5,13.32,9.43,17.25
1642268,Isaiah Collier,UTA,21.0,11.7,13.29,8.36,16.81
1630583,Santi Aldama,MEM,25.0,14.0,13.28,8.64,17.75
1628381,John Collins,LAC,28.0,13.6,13.27,8.46,16.86
1630200,Tre Jones,CHI,26.0,14.1,13.21,8.68,16.76
1642270,Donovan Clingan,POR,22.0,12.1,13.2,8.98,16.18
1642377,Jaylen Wells,MEM,22.0,12.5,13.2,8.56,16.68
1630228,Jonathan Kuminga,ATL,23.0,12.2,13.09,8.1,16.7
1642349,Ajay Mitchell,OKC,24.0,13.6,13.08,8.35,17.45
1641730,Noah Clowney,BKN,21.0,12.3,13.07,7.98,16.48
1642271,Kyle Filipowski,UTA,22.0,11.4,13.04,8.5,16.7
1629673,Jordan Poole,NOP,27.0,13.4,13.03,8.62,17.53
1629656,Quentin Grimes,PHI,26.0,13.4,12.86,8.86,16.69
1642267,Bub Carrington,WAS,20.0,10.7,12.81,7.55,17.29
1628398,Kyle Kuzma,MIL,30.0,13.0,12.76,8.52,17.14
1642281,Jaylon Tyson,CLE,23.0,13.2,12.7,8.57,16.99
1629023,P.J. Washington,DAL,27.0,14.2,12.69,8.61,17.46
1627826,Ivica Zubac,IND,29.0,14.1,12.67,9.09,16.53
1630700,Dyson Daniels,ATL,23.0,11.9,12.61,9.08,16.22
1631109,Mark Williams,PHX,24.0,11.7,12.58,9.0,15.93
1641731,Bilal Coulibaly,WAS,21.0,11.7,12.57,7.81,17.01
1629631,De'Andre Hunter,SAC,28.0,13.7,12.53,7.8,16.51
1642276,Kel'el Ware,MIA,22.0,11.1,12.5,7.98,15.68
1630174,Aaron Nesmith,IND,26.0,13.8,12.44,8.37,17.28
1629028,Deandre Ayton,LAL,27.0,12.5,12.37,8.78,15.4
1628370,Malik Monk,SAC,28.0,12.5,12.33,8.11,15.59
1642856,Egor Dëmin,BKN,20.0,10.3,12.32,5.91,16.29
1626171,Bobby Portis Jr.,MIL,31.0,13.7,12.31,7.75,15.86
1631099,Keegan Murray,SAC,25.0,14.0,12.25,8.2,17.12
1642860,Will Riley,WAS,20.0,10.3,12.24,6.77,17.02
1631108,Max Christie,DAL,23.0,12.3,12.19,7.97,15.98
1641739,Toumani Camara,POR,26.0,13.4,12.18,9.03,16.07
1626162,Kelly Oubre Jr.,PHI,30.0,14.1,12.07,8.34,16.49
201950,Jrue Holiday,POR,36.0,16.3,12.02,10.27,16.59
1630541,Moses Moody,GSW,24.0,12.1,11.89,7.95,15.75
1628978,Donte DiVincenzo,MIN,29.0,12.2,11.82,8.11,14.62
1641716,Jarace Walker,IND,22.0,11.6,11.81,7.92,15.66
1631128,Christian Braun,DEN,25.0,12.0,11.78,8.15,16.09
1630314,Brandon Williams,DAL,26.0,13.0,11.78,8.14,16.59
1642258,Zaccharie Risacher,ATL,21.0,9.6,11.7,5.91,15.52
201566,Russell Westbrook,SAC,37.0,15.2,11.65,9.37,15.8
1631221,Collin Gillespie,PHX,27.0,12.7,11.54,7.33,15.39
1629661,Cameron Johnson,DEN,30.0,12.2,11.54,7.74,14.32
1629651,Nic Claxton,BKN,27.0,11.7,11.46,7.28,14.13
1626167,Myles Turner,MIL,30.0,11.9,11.43,7.51,14.9
1630577,Julian Champagnie,SAS,25.0,11.1,11.42,7.17,14.82
1630198,Isaiah Joe,OKC,26.0,11.1,11.24,7.4,14.2
1628976,Wendell Carter Jr.,ORL,27.0,11.8,11.23,7.36,14.05
1630540,Miles McBride,NYK,25.0,12.0,11.22,7.14,14.76
203501,Tim Hardaway Jr.,DEN,34.0,13.5,11.2,7.86,14.31
202699,Tobias Harris,DET,33.0,13.3,11.19,7.66,14.8
1642285,Cam Spencer,MEM,26.0,11.1,11.12,6.91,14.66
1641709,Ausar Thompson,DET,23.0,9.9,10.89,6.21,14.8
1641796,Pelle Larsson,MIA,25.0,11.4,10.85,7.11,14.72
1629060,Rui Hachimura,LAL,28.0,11.5,10.83,7.17,14.15
1628404,Josh Hart,NYK,31.0,12.0,10.81,7.12,13.46
1642914,Javon Small,MEM,23.0,9.7,10.78,4.9,15.46
1630241,Sam Merrill,CLE,30.0,12.8,10.77,7.02,14.27
1642849,Nolan Traore,BKN,20.0,8.9,10.75,5.43,15.04
1642272,Jared McCain,OKC,22.0,8.3,10.68,5.61,14.09
1629130,Duncan Robinson,DET,32.0,12.2,10.59,6.96,12.98
1631126,Caleb Love,POR,24.0,10.4,10.5,5.67,14.83
1630167,Obi Toppin,IND,28.0,11.6,10.5,6.77,14.69
1642874,Danny Wolf,BKN,22.0,8.9,10.45,5.48,14.54
1631106,Tari Eason,HOU,25.0,10.5,10.45,6.19,15.06
1629001,De'Anthony Melton,GSW,28.0,12.3,10.37,7.08,14.02
1630533,Ziaire Williams,BKN,24.0,10.2,10.36,5.51,13.68
1631093,Jaden Ivey,CHI,24.0,8.5,10.29,5.65,13.96
1630572,Sandro Mamukelashvili,TOR,27.0,11.2,10.28,6.85,14.08
1641842,Ronald Holland II,DET,20.0,8.2,10.27,5.6,13.79
1642867,Collin Murray-Boyles,TOR,21.0,8.5,10.18,5.34,14.4
1630188,Jalen Smith,CHI,26.0,10.2,10.15,5.73,13.2
1641715,Cam Whitmore,WAS,21.0,9.2,10.0,5.2,14.31
1631260,AJ Green,MIL,26.0,10.4,9.95,5.98,12.91
1642266,Ja'Kobe Walter,TOR,21.0,7.5,9.94,5.08,12.15
1641783,Tristan da Silva,ORL,25.0,9.9,9.94,5.87,13.55
1641774,Tristan Vukcevic,WAS,23.0,9.0,9.93,5.52,13.91
1641717,Cason Wallace,OKC,22.0,8.6,9.92,5.62,13.39
1627751,Jakob Poeltl,TOR,30.0,10.7,9.81,5.76,12.42
1629674,Neemias Queta,BOS,26.0,10.2,9.8,5.69,12.26
1630191,Isaiah Stewart,DET,25.0,10.0,9.74,5.64,12.9
203471,Dennis Schröder,CLE,32.0,10.8,9.71,6.07,12.64
1630702,Jaden Hardy,WAS,23.0,9.2,9.69,5.61,14.1
1630549,Day'Ron Sharpe,BKN,24.0,8.7,9.68,5.61,13.4
1629655,Daniel Gafford,DAL,27.0,9.5,9.61,4.75,12.21
1628989,Kevin Huerter,DET,27.0,10.0,9.6,5.51,13.04
202691,Klay Thompson,DAL,36.0,11.7,9.6,7.1,13.52
1641765,Olivier-Maxence Prosper,MEM,23.0,10.0,9.53,5.55,13.51
1642262,Cody Williams,UTA,21.0,8.8,9.45,4.96,13.54
1626156,D'Angelo Russell,WAS,30.0,10.2,9.44,4.96,13.9
1628963,Marvin Bagley III,DAL,27.0,10.5,9.43,5.84,13.37
1630598,Aaron Wiggins,OKC,27.0,9.4,9.33,5.15,13.5
1630557,Corey Kispert,ATL,27.0,9.2,9.32,5.12,13.2
1630611,Gui Santos,GSW,24.0,9.2,9.31,4.97,13.57
203497,Rudy Gobert,MIN,34.0,10.9,9.28,6.5,11.39
1630173,Precious Achiuwa,SAC,26.0,10.1,9.27,6.02,12.43
1631342,Daeqwon Plowden,SAC,27.0,10.8,9.23,5.66,13.82
1642879,Ben Saraf,BKN,20.0,7.5,9.2,4.59,12.63
1630573,Sam Hauser,BOS,28.0,9.2,9.19,4.87,11.66
1642383,Walter Clayton Jr.,MEM,23.0,7.8,9.15,4.78,13.1
1631222,Jake LaRavia,LAL,24.0,8.2,9.1,5.41,12.89
1642450,Daniss Jenkins,DET,24.0,9.3,9.09,5.04,13.8
1641757,Jordan Miller,LAC,26.0,10.0,9.06,4.97,13.05
1630558,Davion Mitchell,MIA,27.0,9.3,9.04,4.7,12.59
1630538,Bones Hyland,MIN,25.0,8.5,9.04,5.41,12.63
1630551,Justin Champagnie,WAS,25.0,8.7,9.02,5.34,12.33
1642363,Nique Clifford,SAC,24.0,8.6,8.98,5.03,13.98
203994,Jusuf Nurkić,UTA,31.0,10.9,8.94,6.18,12.54
1641711,Gradey Dick,TOR,22.0,6.0,8.9,4.64,12.02
1628392,Isaiah Hartenstein,OKC,28.0,9.2,8.89,4.86,11.91
1630171,Isaac Okoro,CHI,25.0,9.3,8.86,5.17,12.41
1642347,Jamal Shead,TOR,23.0,6.6,8.74,3.79,11.55
1642857,Kasparas Jakučionis,MIA,20.0,6.2,8.73,3.91,12.44
1631119,Jaylin Williams,OKC,24.0,7.2,8.68,4.25,11.49
1631107,Nikola Jović,MIA,23.0,7.3,8.67,4.48,12.25
1642269,Devin Carter,SAC,24.0,8.9,8.64,4.8,12.68
1629018,Gary Trent Jr.,MIL,27.0,8.1,8.63,4.75,12.26
1642962,Drake Powell,BKN,20.0,6.5,8.6,4.27,11.96
1627884,Derrick Jones Jr.,LAC,29.0,10.1,8.58,5.03,12.17
203084,Harrison Barnes,SAS,34.0,9.9,8.49,4.83,11.01
1630643,Jay Huff,IND,28.0,9.5,8.48,4.34,12.52
1630536,Sharife Cooper,WAS,25.0,8.1,8.44,4.65,12.91
1629111,Jock Landale,ATL,30.0,10.6,8.4,5.07,12.27
1631217,Moussa Diabaté,CHA,24.0,7.9,8.37,4.68,10.88
1630529,Herbert Jones,NOP,27.0,8.9,8.35,4.57,12.04
1642366,Quinten Post,GSW,26.0,7.7,8.32,4.96,11.22
203114,Khris Middleton,DAL,34.0,10.2,8.27,4.94,11.03
1626220,Royce O'Neale,PHX,33.0,9.8,8.27,4.65,10.19
1630172,Patrick Williams,CHI,24.0,7.0,8.27,4.39,11.52
1629652,Luguentz Dort,OKC,27.0,8.3,8.26,4.38,10.9
1630249,Vít Krejčí,POR,26.0,8.5,8.23,5.24,11.37
1641707,Taylor Hendricks,MEM,22.0,7.4,8.22,4.53,11.5
1642348,Justin Edwards,PHI,22.0,6.0,8.22,4.66,11.03
1642275,Tidjane Salaün,CHA,20.0,6.0,8.21,3.46,10.09
1641750,Ryan Kalkbrenner,CHA,24.0,7.6,8.21,5.15,10.26
1642920,Kobe Sanders,LAC,24.0,7.3,8.2,4.46,12.24
1642948,Ryan Nembhard,DAL,23.0,6.6,8.16,3.61,11.34
1631172,Ousmane Dieng,MIL,23.0,7.6,8.14,4.11,11.75
1631230,Dominick Barlow,PHI,23.0,7.7,8.12,4.1,11.15
1631124,Julian Strawther,DEN,24.0,7.2,8.1,4.3,11.75
1630695,Micah Potter,IND,28.0,9.7,8.05,3.95,10.8
203903,Jordan Clarkson,NYK,34.0,8.6,8.0,5.09,11.6
1642364,Jamir Watkins,WAS,24.0,7.4,8.0,4.4,12.16
1631246,Vince Williams Jr.,UTA,25.0,7.5,8.0,4.33,11.15
1630692,Jordan Goodwin,PHX,27.0,8.7,7.94,4.65,11.71
1631121,Bryce McGowens,NOP,23.0,8.1,7.93,4.08,12.02
1631245,Quenton Jackson,IND,27.0,9.1,7.9,4.28,11.87
1629004,Svi Mykhailiuk,UTA,29.0,9.4,7.88,4.42,11.78
1628379,Luke Kennard,LAL,30.0,8.4,7.86,4.79,10.12
204456,T.J. McConnell,IND,34.0,9.4,7.85,4.55,10.26
1629013,Landry Shamet,NYK,29.0,9.3,7.84,4.53,11.71
1642265,Rob Dillingham,CHI,21.0,6.3,7.81,4.2,12.05
1630623,Tyson Etienne,BKN,26.0,7.9,7.81,4.84,11.53
1630631,Jose Alvarado,NYK,28.0,7.4,7.76,4.38,10.66
203935,Marcus Smart,LAL,32.0,9.3,7.75,4.14,11.2
1642274,Yves Missi,NOP,22.0,5.7,7.71,4.02,10.0
1641767,Ben Sheppard,IND,24.0,7.1,7.71,4.09,11.12
1631169,Josh Minott,BKN,23.0,7.4,7.69,3.54,11.25
1631159,Leonard Miller,CHI,22.0,7.8,7.69,4.19,12.16
1630544,Tre Mann,CHA,25.0,5.5,7.64,4.02,11.13
1642345,Oso Ighodaro,PHX,23.0,6.5,7.62,4.22,10.71
1642954,Will Richard,GSW,23.0,6.4,7.56,4.15,11.41
1641733,Nick Smith Jr.,LAL,22.0,6.2,7.55,4.14,10.59
1642346,Ryan Dunn,PHX,23.0,5.8,7.55,3.94,10.48
1630175,Cole Anthony,MIL,26.0,6.7,7.5,4.23,10.68
1630592,Jalen Wilson,BKN,25.0,6.4,7.43,3.72,10.87
1631323,Simone Fontecchio,MIA,30.0,8.5,7.42,4.77,10.15
1628971,Bruce Brown,DEN,29.0,7.9,7.38,4.29,11.07
202685,Jonas Valanciunas,DEN,34.0,8.7,7.36,4.35,10.62
1630570,Trendon Watford,PHI,25.0,6.5,7.35,4.24,11.18
1630194,Paul Reed,DET,27.0,7.8,7.32,4.87,10.53
1642854,Asa Newell,ATL,20.0,5.2,7.31,3.25,10.89
1630568,Luka Garza,BOS,27.0,8.1,7.3,4.78,10.32
1630543,Isaiah Jackson,LAC,24.0,6.7,7.28,3.99,10.05
1629637,Jaxson Hayes,LAL,26.0,7.5,7.28,4.55,9.43
1642878,Tyrese Proctor,CLE,22.0,5.4,7.25,4.01,11.85
1629684,Grant Williams,CHA,27.0,7.0,7.25,4.19,10.52
1642868,Carter Bryant,SAS,20.0,4.2,7.24,3.64,9.92
1627752,Taurean Prince,MIL,32.0,9.2,7.05,3.77,10.28
1631165,Keon Ellis,CLE,26.0,6.7,7.03,4.01,10.06
1641775,Jordan Walsh,BOS,22.0,5.4,7.03,3.44,9.49
1627747,Caris LeVert,DET,31.0,7.4,7.03,4.12,10.9
1629021,Moritz Wagner,ORL,29.0,6.9,6.98,4.21,10.8
1631131,Oscar Tshiebwe,UTA,26.0,7.8,6.97,3.97,10.82
1642859,Jase Richardson,ORL,20.0,4.4,6.97,3.41,11.36
1642883,Sion James,CHA,23.0,5.4,6.95,3.26,9.0
1642862,Liam McNeeley,CHA,20.0,4.3,6.94,2.91,10.1
1641722,Jordan Hawkins,NOP,24.0,5.1,6.88,3.6,11.19
201572,Brook Lopez,LAC,38.0,8.5,6.88,4.06,9.88
1631321,Sidy Cissoko,POR,22.0,5.1,6.84,3.43,9.79
1641724,Jett Howard,ORL,22.0,5.5,6.82,3.63,10.56
1642864,Hugo González,BOS,20.0,3.9,6.82,3.53,8.53
203992,Bogdan Bogdanović,LAC,33.0,7.4,6.78,3.99,9.53
1629611,Terance Mann,BKN,29.0,7.2,6.75,4.08,10.05
1631255,Karlo Matković,NOP,25.0,5.7,6.74,3.97,9.4
1641772,Nae'Qwan Tomlin,CLE,25.0,5.8,6.68,3.81,11.35
1641712,Rayan Rupert,MEM,22.0,5.2,6.66,3.42,10.33
1642277,Johnny Furphy,IND,21.0,5.1,6.62,3.1,8.8
1631248,Baylor Scheierman,BOS,25.0,5.5,6.62,3.53,8.78
1642853,Rasheer Fleming,PHX,21.0,4.3,6.61,3.31,9.68
1631243,Mouhamed Gueye,ATL,23.0,4.4,6.6,3.52,8.85
203110,Draymond Green,GSW,36.0,8.4,6.58,4.12,8.97
1631110,Jeremy Sochan,NYK,23.0,3.6,6.53,3.33,9.47
1631133,Jabari Walker,PHI,23.0,4.3,6.52,3.55,9.47
1631204,Marcus Sasser,DET,25.0,5.2,6.51,3.31,10.61
1627741,Buddy Hield,ATL,33.0,7.6,6.48,4.04,9.35
203484,Kentavious Caldwell-Pope,MEM,33.0,8.4,6.42,3.8,9.36
1629048,Goga Bitadze,ORL,26.0,5.9,6.4,3.91,8.76
1631213,Tyrese Martin,PHI,27.0,6.3,6.4,3.58,9.98
1630679,Ethan Thompson,IND,27.0,7.0,6.39,3.57,11.02
1642869,Noah Penda,ORL,21.0,3.8,6.37,3.12,9.58
1630165,Killian Hayes,SAC,24.0,5.5,6.36,3.29,10.73
1641737,Adem Bona,PHI,23.0,4.8,6.33,3.57,8.25
1629057,Robert Williams III,POR,28.0,6.7,6.3,3.94,8.73
1642942,Jahmai Mashack,MEM,23.0,6.2,6.29,3.06,10.74
1630311,Pat Spencer,GSW,29.0,7.2,6.15,3.53,11.01
1631200,Kris Murray,POR,25.0,5.8,6.14,3.21,8.59
1629750,Javonte Green,DET,32.0,6.9,6.13,3.68,9.18
1630534,Ochai Agbaji,BKN,26.0,5.1,6.06,3.38,10.27
1641989,Elijah Harkless,UTA,26.0,6.8,6.04,3.48,10.83
1627739,Kris Dunn,LAC,32.0,7.3,5.96,3.63,7.67
1627780,Gary Payton II,GSW,33.0,7.5,5.92,4.0,7.7
1630208,Nick Richards,CHI,28.0,5.8,5.92,3.67,9.72
1642354,KJ Simpson,DEN,23.0,4.6,5.91,3.16,10.61
1630182,Josh Green,CHA,25.0,4.3,5.89,2.96,8.27
1642261,Dalton Knecht,LAL,25.0,4.2,5.88,3.28,10.05
1641738,Kobe Brown,IND,26.0,5.8,5.85,3.43,9.97
1642928,Dylan Cardwell,SAC,24.0,5.4,5.83,2.96,8.33
1630545,Terrence Shannon Jr,MIN,25.0,5.6,5.82,3.37,9.95
1641854,Craig Porter Jr.,CLE,26.0,4.5,5.8,3.08,7.3
1627824,Guerschon Yabusele,CHI,30.0,5.6,5.76,3.58,10.22
1629618,Jalen Pickett,DEN,26.0,5.2,5.75,2.88,9.51
1631104,Blake Wesley,POR,23.0,4.8,5.75,2.86,10.23
1630696,Dru Smith,MIA,28.0,5.6,5.72,3.4,9.99
1628418,Thomas Bryant,CLE,28.0,6.2,5.7,3.72,10.0
1642461,Spencer Jones,DEN,25.0,5.5,5.67,3.31,7.73
1630619,Moussa Cisse,DAL,23.0,4.5,5.62,2.95,9.09
1642949,Yanic Konan Niederhäuser,LAC,23.0,4.3,5.6,2.72,9.07
1626166,Cameron Payne,PHI,31.0,7.4,5.6,3.85,10.24
1629011,Mitchell Robinson,NYK,28.0,5.7,5.57,3.37,8.27
1627936,Alex Caruso,OKC,32.0,6.2,5.57,3.5,8.92
201143,Al Horford,GSW,40.0,8.3,5.57,3.81,8.76
1628436,Luke Kornet,SAS,30.0,6.5,5.55,3.76,7.84
1643007,Taelon Peter,IND,24.0,4.5,5.55,2.91,10.12
203083,Andre Drummond,PHI,32.0,6.4,5.54,3.66,8.77
1629026,Kenrich Williams,OKC,31.0,6.5,5.49,3.35,8.27
1629731,Dean Wade,CLE,29.0,5.8,5.42,3.24,7.94
1631250,Pete Nance,MIL,26.0,5.4,5.4,2.72,8.88
1631207,Dalen Terry,PHI,23.0,3.7,5.4,2.75,9.05
1642382,Branden Carlson,OKC,27.0,5.8,5.36,3.69,9.66
1642278,Tyler Kolek,NYK,25.0,4.4,5.32,3.42,10.5
1642880,Kam Jones,IND,24.0,4.4,5.3,2.67,9.38
1641740,Jaylen Clark,MIN,24.0,4.0,5.29,3.24,8.95
1630604,E.J. Liddell,BKN,25.0,5.7,5.26,3.02,9.84
1628988,Aaron Holiday,HOU,29.0,5.5,5.25,3.22,9.25
1629006,Josh Okogie,HOU,27.0,4.5,5.22,2.9,8.04
1642877,Micah Peavy,NOP,24.0,4.3,5.21,2.81,9.83
1628975,Jevon Carter,ORL,30.0,6.4,5.16,3.37,8.5
1631123,Jamaree Bouyea,PHX,27.0,5.7,5.05,3.35,9.73
1629680,Matisse Thybulle,POR,29.0,5.8,5.01,3.34,9.24
1631288,Jamal Cain,ORL,27.0,5.4,4.94,3.06,9.12
1629020,Jarred Vanderbilt,LAL,27.0,4.4,4.91,2.74,7.68
1630192,Zeke Nnaji,DEN,25.0,3.7,4.87,2.87,8.55
1630579,Jericho Sims,MIL,27.0,5.0,4.76,2.34,7.44
1630526,Jeremiah Robinson-Earl,DAL,25.0,4.6,4.73,2.63,8.96
1628366,Lonzo Ball,CLE,28.0,4.6,4.69,2.52,6.98
1630811,Keaton Wallace,ATL,27.0,3.5,4.53,2.85,8.7
203937,Kyle Anderson,MIN,32.0,6.2,4.51,3.15,7.48
201567,Kevin Love,UTA,37.0,6.7,4.51,3.06,7.31
1626145,Tyus Jones,DEN,30.0,3.0,4.33,2.69,7.0
1628997,Caleb Martin,DAL,30.0,3.9,4.32,2.47,6.96
1629234,Drew Eubanks,SAC,29.0,5.2,4.21,2.84,8.52
203991,Clint Capela,HOU,32.0,3.8,4.13,2.84,7.85
1630264,Anthony Gill,WAS,33.0,5.8,3.98,2.77,6.75
1631199,Ron Harper Jr.,BOS,26.0,4.2,3.93,2.6,9.22
1629216,Gabe Vincent,ATL,30.0,4.4,3.9,2.31,6.33
1628371,Jonathan Isaac,ORL,28.0,2.6,3.86,2.02,6.67
1629599,Amir Coffey,PHX,29.0,3.2,3.77,2.52,7.91
201144,Mike Conley,MIN,38.0,4.5,3.74,2.34,6.68
1629723,John Konchar,UTA,30.0,4.4,3.68,2.04,6.16
203926,Doug McDermott,SAC,34.0,5.7,3.67,2.38,7.12
203500,Steven Adams,HOU,32.0,5.8,3.57,2.69,7.14
1628396,Tony Bradley,ATL,28.0,4.0,3.15,2.69,8.67
1626204,Larry Nance Jr.,CLE,33.0,3.7,2.96,2.43,6.55
1642502,Malevy Leons,GSW,26.0,3.3,2.93,2.43,8.06
201587,Nicolas Batum,LAC,37.0,4.0,2.83,2.13,5.29
1627827,Dorian Finney-Smith,HOU,33.0,3.3,2.75,2.13,6.33
1631132,Christian Koloko,ATL,26.0,2.7,2.65,2.24,6.3
203914,Gary Harris,MIL,31.0,2.7,2.37,1.33,5.02
1626172,Kevon Looney,NOP,30.0,2.8,2.33,2.05,5.77
203939,Dwight Powell,DAL,34.0,3.3,2.17,1.71,4.66
1628467,Maxi Kleber,LAL,34.0,2.0,1.42,1.5,4.75
