PERSON_ID,TEAM_ABBREVIATION,ROSTER_STATUS
1630173,SAC,1.0
1643411,SAC,1.0
203500,HOU,1.0
1628389,MIA,1.0
1630534,NYK,1.0
1643772,CLE,1.0
1643265,UTA,1.0
1642369,CHA,1.0
1643022,NYK,1.0
1630583,DAL,1.0
1641725,UTA,1.0
1629638,ATL,1.0
1628960,CHA,1.0
1628386,CLE,1.0
1630631,NYK,1.0
1643417,MIL,1.0
1643515,CHA,1.0
203937,TOR,1.0
203507,MIA,1.0
1628384,NYK,1.0
1643113,CLE,1.0
1630166,POR,1.0
1643591,CHI,1.0
1629028,WAS,1.0
1628963,DEN,1.0
1642846,UTA,1.0
1630163,MIN,1.0
1628964,UTA,1.0
1631094,ORL,1.0
1630217,ORL,1.0
1631230,PHI,1.0
203084,SAS,1.0
1630567,TOR,1.0
1642964,OKC,1.0
1629628,TOR,1.0
1629646,GSW,1.0
1642926,UTA,1.0
1642419,TOR,1.0
203078,LAC,1.0
1641736,WAS,1.0
1642866,MIN,1.0
1630180,NOP,1.0
1641844,DAL,1.0
1643548,BKN,1.0
1629048,ORL,1.0
1642927,TOR,1.0
1641710,ORL,1.0
1641778,SAC,1.0
203992,HOU,1.0
1641737,PHI,1.0
1626164,PHX,1.0
1643409,MEM,1.0
1630527,CHI,1.0
1643573,CHA,1.0
1631123,PHX,1.0
1643558,TOR,1.0
1628396,NYK,1.0
1631103,ORL,1.0
1631128,DEN,1.0
1642350,DEN,1.0
1642886,PHX,1.0
1641779,CHI,1.0
1628969,NYK,1.0
1628970,PHX,1.0
1628415,PHX,1.0
1628971,NYK,1.0
1627759,PHI,1.0
1641738,IND,1.0
1643576,SAS,1.0
1643414,BKN,1.0
1631474,UTA,1.0
1628973,NYK,1.0
1642868,SAS,1.0
1628418,CLE,1.0
1641723,NOP,1.0
1643718,TOR,1.0
1643415,MIL,1.0
202710,GSW,1.0
1631219,MIL,1.0
1641824,CHI,1.0
1631288,ORL,1.0
203484,PHI,1.0
1641739,POR,1.0
203991,HOU,1.0
1642928,SAC,1.0
1642382,POR,1.0
1643418,LAL,1.0
1642267,WAS,1.0
1642269,BOS,1.0
1628975,ORL,1.0
1628976,ORL,1.0
1627936,OKC,1.0
1642264,SAS,1.0
1630658,ORL,1.0
1643416,BOS,1.0
1630577,SAS,1.0
1630551,WAS,1.0
1631113,PHX,1.0
1642353,LAC,1.0
1631108,DAL,1.0
1630619,DAL,1.0
1631321,POR,1.0
1641740,MIN,1.0
203903,NYK,1.0
1629651,CHI,1.0
1642383,MEM,1.0
1642363,SAC,1.0
1642270,POR,1.0
1641730,BKN,1.0
1642268,UTA,1.0
1628381,DET,1.0
1628380,CHI,1.0
201144,BOS,1.0
1626192,CHA,1.0
1643553,MIA,1.0
1643721,MEM,1.0
1643595,HOU,1.0
1643723,ATL,1.0
1641731,WAS,1.0
1642907,MEM,1.0
1642384,HOU,1.0
1643018,GSW,1.0
1630595,DET,1.0
201939,GSW,1.0
1642359,NYK,1.0
1643120,BKN,1.0
1630700,ATL,1.0
203076,WAS,1.0
1642930,SAS,1.0
1631120,ORL,1.0
201942,DEN,1.0
1643620,BOS,1.0
1642484,ATL,1.0
1628978,MIN,1.0
1643738,NOP,1.0
1631217,CHA,1.0
1643813,DEN,1.0
1642885,NYK,1.0
1641711,LAC,1.0
1631172,MIL,1.0
1631215,CLE,1.0
1643717,OKC,1.0
1643621,MIA,1.0
1629029,LAL,1.0
1629652,ATL,1.0
1630245,MIN,1.0
203083,NYK,1.0
1627739,LAC,1.0
1642346,PHX,1.0
201142,HOU,1.0
1631105,DET,1.0
1643407,WAS,1.0
1642856,BKN,1.0
1631106,HOU,1.0
1642398,SAC,1.0
1641744,MEM,1.0
1642845,PHI,1.0
1630162,MIN,1.0
1642348,PHI,1.0
1643544,ATL,1.0
1631165,BKN,1.0
1631399,SAS,1.0
203954,PHI,1.0
1642400,CLE,1.0
1642855,CHI,1.0
1629234,NYK,1.0
1642912,MIN,1.0
1629605,PHI,1.0
1642847,NOP,1.0
1642271,UTA,1.0
1627827,ATL,1.0
1642843,DAL,1.0
1641745,SAC,1.0
1642853,PHX,1.0
1643412,ATL,1.0
1631323,MIA,1.0
1628368,SAS,1.0
1642402,MIN,1.0
1643769,CHA,1.0
1642277,IND,1.0
1629655,DAL,1.0
1642066,MIA,1.0
1629636,LAC,1.0
1630568,BOS,1.0
1641718,UTA,1.0
1642273,WAS,1.0
202331,BOS,1.0
1630581,CHI,1.0
1642933,ATL,1.0
1628983,OKC,1.0
1630264,WAS,1.0
1631221,PHX,1.0
1643551,SAS,1.0
203497,MIN,1.0
1642884,MIA,1.0
1642864,BOS,1.0
1641863,DEN,1.0
1630692,PHX,1.0
203932,DEN,1.0
1641789,WAS,1.0
203924,MEM,1.0
1643512,TOR,1.0
1643060,BOS,1.0
1631260,MIL,1.0
203110,GSW,1.0
1630224,PHX,1.0
1629750,DET,1.0
1630182,UTA,1.0
1629656,LAL,1.0
1631243,ATL,1.0
1629060,LAC,1.0
1643727,MIA,1.0
1630169,IND,1.0
1641790,CHA,1.0
203501,MIA,1.0
201935,CLE,1.0
1630702,LAL,1.0
1641989,DET,1.0
1642844,SAS,1.0
1631199,BOS,1.0
202699,SAS,1.0
1628404,NYK,1.0
1628392,OKC,1.0
1630573,BOS,1.0
1641746,DEN,1.0
1641722,MEM,1.0
1629637,UTA,1.0
1630703,POR,1.0
1641707,MEM,1.0
1642935,TOR,1.0
1629639,MIL,1.0
1626209,CLE,1.0
1627741,CHI,1.0
1629312,PHX,1.0
1642396,UTA,1.0
201950,POR,1.0
1643808,OKC,1.0
1641842,DET,1.0
1641747,DEN,1.0
1631096,OKC,1.0
1643624,DEN,1.0
201143,GSW,1.0
1631216,NOP,1.0
1641724,DAL,1.0
1628989,DET,1.0
1630643,IND,1.0
1630574,PHI,1.0
1643750,BKN,1.0
1629631,SAC,1.0
1643047,PHX,1.0
1630538,MIN,1.0
1642345,PHX,1.0
1643633,GSW,1.0
1627742,LAC,1.0
1631127,UTA,1.0
202681,DAL,1.0
1628371,ORL,1.0
1641713,MEM,1.0
1630543,LAC,1.0
1631245,IND,1.0
1641748,TOR,1.0
1628991,UTA,1.0
1631218,TOR,1.0
1642857,MIL,1.0
1642355,LAL,1.0
2544,PHI,1.0
1642883,CHA,1.0
1631170,MIL,1.0
1643538,BKN,1.0
1641998,TOR,1.0
1642450,DET,1.0
1629660,MEM,1.0
1630198,DET,1.0
1642358,NOP,1.0
1629661,DEN,1.0
1643052,BKN,1.0
1630552,ATL,1.0
201949,IND,1.0
1629640,SAS,1.0
1642352,MIA,1.0
1642937,ATL,1.0
1642848,WAS,1.0
1643516,DAL,1.0
1641935,CHA,1.0
203999,DEN,1.0
1642938,CLE,1.0
1641794,PHI,1.0
1630529,NOP,1.0
1642403,DET,1.0
1642880,MIL,1.0
1642461,DEN,1.0
1630200,CHI,1.0
1626145,DEN,1.0
1642357,SAS,1.0
1627884,LAC,1.0
201599,NOP,1.0
1631107,MIA,1.0
1641750,CHA,1.0
1641751,LAL,1.0
1642284,SAC,1.0
1642530,LAC,1.0
1631211,WAS,1.0
1643627,IND,1.0
1642939,GSW,1.0
1628379,PHX,1.0
1643257,POR,1.0
1631117,LAL,1.0
1642615,TOR,1.0
1630557,ATL,1.0
1642261,LAL,1.0
1628995,ORL,1.0
1642851,CHA,1.0
1642278,NYK,1.0
1631132,NOP,1.0
1628436,SAS,1.0
1630249,POR,1.0
1630228,MIN,1.0
1628398,MIL,1.0
1643759,LAL,1.0
1631222,LAL,1.0
203897,SAC,1.0
1642940,SAC,1.0
1629111,ATL,1.0
1642404,DET,1.0
1641796,MIA,1.0
1643588,DAL,1.0
1627747,MIL,1.0
1642865,GSW,1.0
202695,TOR,1.0
1642502,GSW,1.0
203081,POR,1.0
1641726,DAL,1.0
1641753,WAS,1.0
1626172,LAL,1.0
201572,LAC,1.0
1643510,MEM,1.0
1631126,PHI,1.0
1643630,LAC,1.0
1641754,DAL,1.0
1626168,MIN,1.0
1642863,PHX,1.0
1630572,LAL,1.0
1629611,BKN,1.0
1630544,WAS,1.0
1643530,OKC,1.0
1628374,UTA,1.0
1642881,MIL,1.0
1630230,DAL,1.0
1642918,TOR,1.0
1628997,DAL,1.0
1641798,POR,1.0
1630231,MIN,1.0
1643568,LAC,1.0
1642942,MEM,1.0
1643792,IND,1.0
1631097,NOP,1.0
1631255,NOP,1.0
1630178,PHI,1.0
1643024,LAL,1.0
1643016,MIA,1.0
1630540,NYK,1.0
1642272,OKC,1.0
203468,ATL,1.0
204456,IND,1.0
1643597,OKC,1.0
1641755,NYK,1.0
1630183,MIN,1.0
1642440,BOS,1.0
1631121,NOP,1.0
1643724,ATL,1.0
1629162,SAS,1.0
1642862,CHA,1.0
1629001,GSW,1.0
1630241,CLE,1.0
203114,WAS,1.0
1643575,PHI,1.0
1642394,LAC,1.0
1641706,CHA,1.0
1641801,DEN,1.0
1641757,LAC,1.0
1631159,CHI,1.0
1642434,CLE,1.0
1631169,BKN,1.0
1642274,NOP,1.0
1642349,OKC,1.0
1630558,MIA,1.0
1641759,BOS,1.0
1628378,CLE,1.0
1630596,CLE,1.0
1642367,SAC,1.0
1628370,SAC,1.0
1630541,GSW,1.0
1631457,ORL,1.0
1629630,POR,1.0
1630530,NOP,1.0
1627749,NOP,1.0
1627750,DEN,1.0
1631099,SAC,1.0
1631200,MEM,1.0
1642867,TOR,1.0
1629004,UTA,1.0
1631250,MIL,1.0
1626204,IND,1.0
1641761,BKN,1.0
1643593,ORL,1.0
1642392,PHI,1.0
1629614,IND,1.0
1642948,DEN,1.0
1630174,IND,1.0
1642854,ATL,1.0
1641803,SAC,1.0
1627777,GSW,1.0
1643589,NYK,1.0
1642949,LAC,1.0
1630192,DEN,1.0
203994,UTA,1.0
1626220,CHA,1.0
1643758,LAL,1.0
1629006,UTA,1.0
1630168,ATL,1.0
1643536,DET,1.0
1630171,CHI,1.0
1643590,WAS,1.0
1641807,MIN,1.0
1642391,DET,1.0
1626162,IND,1.0
1642923,OKC,1.0
203901,SAC,1.0
1627780,GSW,1.0
1643520,PHX,1.0
1642877,MEM,1.0
1642951,HOU,1.0
1642869,ORL,1.0
1643007,SAS,1.0
1643408,UTA,1.0
1641809,CHI,1.0
1641763,HOU,1.0
1642889,PHI,1.0
1629618,LAC,1.0
1643555,NOP,1.0
1630590,MEM,1.0
1631342,SAC,1.0
1641764,GSW,1.0
1627751,TOR,1.0
1629673,NOP,1.0
1641854,CLE,1.0
1629645,MIL,1.0
1629008,BKN,1.0
1626171,MIA,1.0
204001,GSW,1.0
1642366,MEM,1.0
1630695,POR,1.0
1642967,DAL,1.0
1642962,BKN,1.0
203939,DAL,1.0
1626181,CHI,1.0
1627752,DET,1.0
1630202,BOS,1.0
1642878,CLE,1.0
1641765,MEM,1.0
1642389,MIN,1.0
1643519,SAS,1.0
1642852,NOP,1.0
1629674,BOS,1.0
1630193,TOR,1.0
1631311,MIA,1.0
203944,BKN,1.0
1642875,SAC,1.0
1641871,PHX,1.0
1630559,LAL,1.0
1630194,DET,1.0
1643542,SAS,1.0
1642882,NOP,1.0
1641810,MIN,1.0
1629675,CHA,1.0
1642954,GSW,1.0
1630208,MIA,1.0
1642859,ORL,1.0
1642955,CLE,1.0
1642860,WAS,1.0
1642258,DAL,1.0
1629130,DET,1.0
1629011,BOS,1.0
1631115,CHI,1.0
1631157,MIL,1.0
1641712,PHI,1.0
1642504,MIL,1.0
1627734,SAC,1.0
1642275,CHA,1.0
1642920,LAC,1.0
1630611,GSW,1.0
1642879,BKN,1.0
1642259,WAS,1.0
1631204,DAL,1.0
1631248,BOS,1.0
1643867,MIA,1.0
203471,CHA,1.0
1643637,CHI,1.0
1630578,HOU,1.0
1641729,UTA,1.0
1643121,WAS,1.0
1629012,LAL,1.0
1629013,NYK,1.0
1630545,MIN,1.0
1643567,SAC,1.0
1630549,BKN,1.0
1631101,POR,1.0
1642347,TOR,1.0
1641767,IND,1.0
1642263,HOU,1.0
1627783,IND,1.0
1627732,SAC,1.0
1629014,PHI,1.0
1630579,MIL,1.0
1641771,IND,1.0
1642914,MEM,1.0
203935,HOU,1.0
1643552,IND,1.0
1630696,MIA,1.0
1630188,CHI,1.0
1641869,TOR,1.0
1642449,DET,1.0
1629015,OKC,1.0
1631095,HOU,1.0
1631110,POR,1.0
1642850,OKC,1.0
1642285,MEM,1.0
1630311,PHX,1.0
1643419,CHA,1.0
1641868,MIL,1.0
1641815,CHI,1.0
1630191,MEM,1.0
1642892,OKC,1.0
1631124,DEN,1.0
1629622,LAC,1.0
1630591,ORL,1.0
1643517,CHI,1.0
1631306,LAL,1.0
1630256,HOU,1.0
1628369,BOS,1.0
1631207,GSW,1.0
1642876,LAL,1.0
1643509,CLE,1.0
1643148,PHI,1.0
1641708,HOU,1.0
1641709,DET,1.0
202691,MIA,1.0
1643570,HOU,1.0
1629680,LAL,1.0
1643754,OKC,1.0
1631166,MIN,1.0
1641772,CLE,1.0
1642910,POR,1.0
1642893,GSW,1.0
1642260,OKC,1.0
1630167,IND,1.0
1626157,NYK,1.0
1642849,BKN,1.0
1629018,MIL,1.0
1631131,HOU,1.0
1626167,MIL,1.0
1642281,CLE,1.0
1643640,CLE,1.0
1642578,DET,1.0
1642870,BOS,1.0
1627832,HOU,1.0
1629020,LAL,1.0
1630170,SAS,1.0
1643539,ATL,1.0
1641774,WAS,1.0
202696,ORL,1.0
1629731,PHI,1.0
1643413,LAC,1.0
1630532,ORL,1.0
1629021,BKN,1.0
1631133,PHI,1.0
1641716,IND,1.0
1629022,DEN,1.0
1641717,OKC,1.0
1641775,BOS,1.0
1642266,TOR,1.0
1642276,MIL,1.0
1629023,DAL,1.0
1630570,NOP,1.0
1642364,WAS,1.0
1631212,CLE,1.0
1642377,MEM,1.0
1641705,SAS,1.0
1631104,LAC,1.0
1630762,PHX,1.0
1629632,CHA,1.0
1628401,BOS,1.0
1641715,DEN,1.0
1630598,ATL,1.0
203952,MIA,1.0
1642873,BOS,1.0
1630314,GSW,1.0
1642924,DET,1.0
1642262,MIN,1.0
1629684,CHA,1.0
1631114,OKC,1.0
1631119,OKC,1.0
1629026,OKC,1.0
1642013,SAS,1.0
1631109,PHX,1.0
1630172,CHI,1.0
1630533,LAL,1.0
1629057,POR,1.0
1629627,NOP,1.0
1643410,CHI,1.0
1630592,ATL,1.0
1630164,NYK,1.0
1642874,BKN,1.0
1642905,POR,1.0
1629027,WAS,1.0
1642959,POR,1.0
1642911,MIN,1.0
1627826,IND,1.0
1641783,ORL,1.0
1643547,DAL,1.0
